"[""Moments Snacks Fruta para Perro""]","[""60 Gr.""]","[""1.15 €/u""]",https://img2.petsonic.com/15756-medium_default/snacks-fruta-para-perro.jpg
"[""Moments Snack Iberico para Perro""]","[""60 Gr.""]","[""1.15 €/u""]",https://img2.petsonic.com/15757-medium_default/snack-iberico-para-perro.jpg
"[""Moments Snack Pavo para Perro""]","[""60 Gr.""]","[""1.15 €/u""]",https://img1.petsonic.com/15758-medium_default/snack-pavo-para-perro.jpg
"[""Moments Snack Queso para Perro""]","[""60 Gr.""]","[""1.15 €/u""]",https://img1.petsonic.com/15759-medium_default/snack-queso-para-perro.jpg
"[""Moments Snack Pescado para Perro""]","[""60 Gr.""]","[""1.15 €/u""]",https://img3.petsonic.com/15760-medium_default/snack-pescado-para-perro.jpg
"[""Pet Munchies Snack Naturales Filetes de Pollo para Perro""]","[""100 Gr.""]","[""3.42 €/u""]",https://img3.petsonic.com/15835-medium_default/snack-naturales-filetes-pollo-para-perro.jpg
"[""Pet Munchies Snacks Naturales Tiras de Pollo para Perro""]","[""100 Gr.""]","[""3.61 €/u""]",https://img2.petsonic.com/15834-medium_default/snacks-naturales-tiras-pollo-para-perro.jpg
"[""Pet Munchies Snack Naturales Filetes de Pato para Perro""]","[""80 Gr""]","[""3.42 €/u""]",https://img1.petsonic.com/15837-medium_default/snack-naturales-filetes-pato-para-perro.jpg
"[""Pet Munchies Snacks Naturales Tiras de Pechuga Pato para Perro""]","[""80 Gr""]","[""3.49 €/u""]",https://img1.petsonic.com/15794-medium_default/pet-munchies-snacks-naturales-tiras-pechuga-pato-para-perros.jpg
"[""Pet Munchies Snacks Naturales Tiras de Venado para Perro""]","[""70 Gr""]","[""3.80 €/u""]",https://img3.petsonic.com/15795-medium_default/snacks-naturales-tiras-venado-para-perro.jpg
"[""Pet Munchies Snacks Naturales Bocaditos de Salmón para Perro""]","[""90 Gr""]","[""3.00 €/u""]",https://img2.petsonic.com/15833-medium_default/snacks-naturales-bocaditos-salmon-para-perro.jpg
"[""Pet Munchies Snack Naturales Filetes de Salmón para Perro""]","[""90 Gr""]","[""3.42 €/u""]",https://img2.petsonic.com/15832-medium_default/snack-naturales-filetes-salmon-para-perro.jpg
"[""Pet Munchies Snack Naturales Salmón Skin Chews Medium para Perro""]","[""90 Gr""]","[""3.37 €/u""]",https://img2.petsonic.com/15831-medium_default/snack-naturales-salmon-skin-chews-medium-para-perro.jpg
"[""Pet Munchies Snack Naturales Salmón Skin Chews Large para Perro""]","[""125 Gr.""]","[""3.39 €/u""]",https://img3.petsonic.com/15830-medium_default/snack-naturales-salmon-skin-chews-large-para-perro.jpg
"[""Trixie Caja Navidad para Perro""]","[""1 Unidad.""]","[""8.99 €/u""]",https://img2.petsonic.com/13926-medium_default/caja-navidad-para-perro.jpg
"[""Lolo Pets Galleta Mini \""Pastel\"" Frutos del Bosque para Perro""]","[""40 gr""]","[""2.02 €/u""]",https://img3.petsonic.com/13499-medium_default/lolo-pets-galleta-mini-pastel-frutos-bosque-para-perros.jpg
"[""Lolo Pets Galleta Mini \""Pastel\"" Chocolate y Frutos Secos para Perro""]","[""40 gr""]","[""1.81 €/u""]",https://img2.petsonic.com/13835-medium_default/galleta-mini-pastel-chocolate-frutos-secos-para-perro.jpg
"[""Lolo Pets Galleta \""Pastel de Cumpleaños\"" Carne y Verduras para Perro""]","[""250 Gr.""]","[""3.99 €/u""]",https://img2.petsonic.com/13481-medium_default/galleta-pastel-cumpleanos-carne-verduras-para-perro.jpg
"[""Lolo Pets Galleta \""Pastel de Cumpleaños\"" Chocolate y Frutos Secos para Perro""]","[""250 Gr.""]","[""3.99 €/u""]",https://img2.petsonic.com/13482-medium_default/lolo-pets-galleta-pastel-cumpleanos-chocolate-frutos-secos-para-perros.jpg
"[""Lolo Pets Galleta \""Pastel de Cumpleaños\"" Frutos del Bosque para Perro""]","[""250 Gr.""]","[""3.99 €/u""]",https://img2.petsonic.com/13483-medium_default/galleta-pastel-cumpleanos-frutos-bosque-para-perro.jpg
"[""Lolo Pets Galleta \""Pastel Love\"" Carne y Verduras para Perro""]","[""250 Gr.""]","[""3.99 €/u""]",https://img1.petsonic.com/13484-medium_default/galleta-pastel-love-carne-verduras-para-perro.jpg
"[""Lolo Pets Galleta \""Pastel Love\"" Chocolate y Frutos Secos para Perro""]","[""250 Gr.""]","[""4.50 €/u""]",https://img3.petsonic.com/13718-medium_default/galleta-pastel-love-chocolate-frutos-secos-para-perro.jpg
"[""Lolo Pets Galleta \""Pastel de Love\"" Frutos del Bosque para Perro""]","[""250 Gr.""]","[""3.99 €/u""]",https://img3.petsonic.com/13486-medium_default/galleta-pastel-love-frutos-bosque-para-perro.jpg
"[""Lolo Pets Galleta \""Pastel \"" Carne y Verduras para Perro""]","[""250 Gr.""]","[""3.99 €/u""]",https://img3.petsonic.com/13487-medium_default/galleta-pastel-carne-verduras-para-perro.jpg
"[""Lolo Pets Galleta \""Pastel \"" Chocolate y Frutos Secos para Perro""]","[""250 Gr.""]","[""3.99 €/u""]",https://img2.petsonic.com/13488-medium_default/galleta-pastel-chocolate-frutos-secos-para-perro.jpg
"[""Lolo Pets Galleta \""Pastel Merry Christmas\"" Carne y Verdura para Perro""]","[""250 Gr.""]","[""4.94 €/u""]",https://img1.petsonic.com/13626-medium_default/galleta-pastel-merry-christmas-carne-verdura-para-perro.jpg
"[""Lolo Pets Galleta \""Pastel Merry Christmas\"" Chocolate y Frutos Secos para Perro""]","[""250 Gr.""]","[""3.99 €/u""]",https://img2.petsonic.com/13627-medium_default/galleta-pastel-merry-christmas-chocolate-frutos-secos-para-perro.jpg
"[""Lolo Pets Galleta \""Pastel Merry Christmas\"" Frutos del Bosque para Perro""]","[""250 Gr.""]","[""3.99 €/u""]",https://img2.petsonic.com/13628-medium_default/galleta-pastel-merry-christmas-frutos-bosque-para-perro.jpg
"[""Alpha Spirit Hueso Jamón para Perro""]","[""1 Unidad.""]","[""0.99 €/u""]",https://img2.petsonic.com/13262-medium_default/hueso-jamon-amiguitos-para-perro.jpg
"[""Alpha Spirit Snacks de Ternera en Monodosis para Perro""]","[""1 Unidad.""]","[""0.99 €/u""]",https://img3.petsonic.com/12023-medium_default/alpha-spirit-snacks-ternera-monodosis-para-perros.jpg
"[""Alpha Spirit Snacks de Pollo en Monodosis para Perro""]","[""1 Unidad.""]","[""0.99 €/u""]",https://img1.petsonic.com/12024-medium_default/snacks-de-pollo-en-monodosis-para-perro.jpg
"[""Alpha Spirit Snacks de Queso en Monodosis para Perro""]","[""1 Unidad.""]","[""0.99 €/u""]",https://img2.petsonic.com/12025-medium_default/snacks-de-queso-en-monodosis-para-perro.jpg
"[""Alpha Spirit Snacks de Higado en Monodosis para Perro""]","[""1 Unidad.""]","[""0.99 €/u""]",https://img3.petsonic.com/12026-medium_default/snacks-de-higado-en-monodosis-para-perro.jpg
"[""Alpha Spirit Snacks de Pescado en Monodosis para Perro""]","[""1 Unidad.""]","[""0.99 €/u""]",https://img1.petsonic.com/12027-medium_default/snacks-de-pescado-en-monodosis-para-perro.jpg
"[""Alpha Spirit Snacks de Pato en Monodosis para Perro""]","[""1 Unidad.""]","[""0.99 €/u""]",https://img1.petsonic.com/12028-medium_default/snacks-de-pato-en-monodosis-para-perro.jpg
"[""Alpha Spirit Sticks de Pollo en Monodosis para Perro""]","[""12 Unidades.""]","[""2.99 €/u""]",https://img3.petsonic.com/12047-medium_default/sticks-de-pollo-en-monodosis-para-perro.jpg
"[""Alpha Spirit Sticks de Ternera en Monodosis para Perro""]","[""16 barritas""]","[""2.86 €/u""]",https://img3.petsonic.com/12046-medium_default/sticks-de-ternera-en-monodosis-para-perro.jpg
"[""Alpha Spirit Sticks de Higado en Monodosis para Perro""]","[""12 Unidades.""]","[""2.86 €/u""]",https://img1.petsonic.com/12049-medium_default/sticks-dehigado-en-monodosis-para-perro.jpg
"[""Alpha Spirit Sticks de Pato en Monodosis para Perro""]","[""12 Unidades.""]","[""2.25 €/u""]",https://img3.petsonic.com/12050-medium_default/sticks-de-pato-en-monodosis-para-perro.jpg
"[""Alpha Spirit Sticks de Cordero en Monodosis para Perro""]","[""16 barritas""]","[""2.86 €/u""]",https://img3.petsonic.com/12051-medium_default/sticks-de-cordero-en-monodosis-para-perro.jpg
"[""Alpha Spirit Sticks de Queso en Monodosis para Perro""]","[""16 barritas""]","[""2.99 €/u""]",https://img1.petsonic.com/12048-medium_default/sticks-de-queso-en-monodosis-para-perro.jpg
"[""Alpha Spirit Stick de Pescado en Monodosis para Perro""]","[""16 barritas""]","[""2.99 €/u""]",https://img3.petsonic.com/13920-medium_default/stick-pescado-monodosis-para-perro.jpg
"[""Alpha Spirit Snacks Pescado Blanco para Perro""]","[""60 Gr.""]","[""1.99 €/u""]",https://img3.petsonic.com/13858-medium_default/snacks-pescado-blanco-para-perro.jpg
"[""Alpha Spirit Snack Tacos de Atún para Perro""]","[""80 Gr""]","[""1.99 €/u""]",https://img3.petsonic.com/13860-medium_default/snack-tacos-atun-para-perro.jpg
"[""hobbit Alf Barritas Redonda de Ternera para Perro""]","[""400 Gr."", ""900 Gr.""]","[""4.99 €/u"", ""8.99 €/u""]",https://img3.petsonic.com/15276-medium_default/hobbit-alf-barritas-redonda-ternera-para-perros.jpg
"[""hobbit Alf Barritas Redonda de Cordero para Perro""]","[""400 Gr."", ""900 Gr.""]","[""5.49 €/u"", ""8.99 €/u""]",https://img3.petsonic.com/15279-medium_default/hobbit-alf-barritas-redonda-cordero-para-perros.jpg
"[""hobbit Alf Barritas Redonda de Pollo para Perro""]","[""400 Gr."", ""900 Gr.""]","[""4.99 €/u"", ""7.64 €/u""]",https://img1.petsonic.com/15280-medium_default/hobbit-alf-barritas-redonda-pollo-para-perros.jpg
"[""hobbit Alf Mini Huesitos Tiernos Mix para Perros""]","[""500 Gr.""]","[""3.79 €/u""]",https://img3.petsonic.com/15886-medium_default/hobbit-alf-mini-huesitos-tiernos-mix-para-perros.jpg
"[""Nayeco Snack Toffy Salmón para Perro""]","[""250 Gr.""]","[""2.91 €/u""]",https://img3.petsonic.com/10934-medium_default/nayeco-snack-toffy-salmon-para-perros.jpg
"[""Nayeco Snack Toffy Pollo para Perro""]","[""75 Gr.""]","[""2.91 €/u""]",https://img3.petsonic.com/11043-medium_default/nayeco-snack-toffy-pollo-para-perros.jpg
"[""Nayeco Snack Toffy Cordero para Perro""]","[""75 Gr.""]","[""2.91 €/u""]",https://img2.petsonic.com/11045-medium_default/nayeco-snack-toffy-cordero-para-perros.jpg
"[""Nayeco Snack Toffy Surtido para Perro""]","[""250 Gr.""]","[""2.91 €/u""]",https://img3.petsonic.com/11168-medium_default/nayeco-snack-toffy-surtido-para-perros.jpg
"[""hobbit Alf Barritas 1kg Redonda Antisarro con Fluor Hobbit Alf""]",default,default,https://img1.petsonic.com/15283-medium_default/hobbit-alf-barritas-1kg-redonda-antisarro-fluor-para-perros.jpg
"[""Nayeco Barrita de Cordero""]","[""500 Gr.""]","[""4.33 €/u""]",https://img1.petsonic.com/15887-medium_default/nayeco-barrita-cordero-para-perros.jpg
"[""Delidog Barritas de Pollo""]","[""800 Gr.""]","[""7.99 €/u""]",https://img1.petsonic.com/14047-medium_default/delidog-barritas-pollo-para-perros.jpg
"[""Delidog Barritas de Buey""]","[""800 Gr.""]","[""7.99 €/u""]",https://img1.petsonic.com/14048-medium_default/delidog-barritas-buey-para-perros.jpg
"[""Delidog Barritas de Salmón""]","[""800 Gr.""]","[""7.99 €/u""]",https://img2.petsonic.com/14049-medium_default/delidog-barritas-salmon-para-perros.jpg
"[""Delidog Barritas de Cordero""]","[""800 Gr.""]","[""7.99 €/u""]",https://img1.petsonic.com/14050-medium_default/delidog-barritas-cordero-para-perros.jpg
"[""Delidog Barritas Grain Free""]","[""800 Gr.""]","[""7.99 €/u""]",https://img2.petsonic.com/14061-medium_default/delidog-barritas-grain-free-para-perros.jpg
"[""hobbit Alf Bocaditos Tiernos de Salmón para Perro""]","[""1 Unidad."", ""16 Unidades""]","[""1.49 €/u"", ""18.95 €/u""]",https://img2.petsonic.com/11081-medium_default/hobbit-alf-bocaditos-tiernos-salmon-para-perros.jpg
"[""hobbit Alf Estrellas Tiernas de Salmón y Queso para Perro""]","[""1 Unidad."", ""16 Unidades""]","[""1.42 €/u"", ""18.95 €/u""]",https://img1.petsonic.com/11078-medium_default/hobbit-alf-estrellas-tiernas-salmon-queso-para-perros.jpg
"[""hobbit Alf Estrellita Tiernas de Salmón para Perro""]","[""1 Unidad."", ""16 Unidades""]","[""1.49 €/u"", ""18.95 €/u""]",https://img1.petsonic.com/11079-medium_default/hobbit-alf-estrellita-tiernas-salmon-para-perros.jpg
"[""hobbit Alf Estrellas Tiernas de Avestruz para Perro""]","[""1 Unidad."", ""16 Unidades""]","[""1.37 €/u"", ""18.95 €/u""]",https://img2.petsonic.com/11080-medium_default/hobbit-alf-estrellas-tiernas-avestruz-para-perros.jpg
"[""hobbit Alf Estrellas Tiernas de Ganso para Perro""]","[""1 Unidad."", ""16 Unidades""]","[""1.49 €/u"", ""13.90 €/u""]",https://img1.petsonic.com/12040-medium_default/hobbit-alf-estrellas-tiernas-ganso-para-perros.jpg
"[""hobbit Alf Bocaditos Tiernos de Carne de Caza para Perros""]","[""1 Unidad."", ""16 Unidades""]","[""1.42 €/u"", ""18.95 €/u""]",https://img3.petsonic.com/12041-medium_default/hobbit-alf-bocaditos-tiernos-carne-caza-para-perros.jpg
"[""hobbit Alf Fruit Mix para Perro""]","[""1 Unidad."", ""16 Unidades""]","[""1.79 €/u"", ""18.95 €/u""]",https://img2.petsonic.com/12039-medium_default/hobbit-alf-fruit-mix-para-perro.jpg
"[""hobbit Alf Snack Huesitos Tiernos para Perros""]","[""Pollo"", ""Cordero""]","[""1.89 €/u"", ""1.89 €/u""]",https://img1.petsonic.com/13862-medium_default/hobbit-alf-snack-huesitos-tiernos-para-perros.jpg
"[""hobbit Alf Palitos Tiernos de Ternera para Perro""]","[""13 Unidades.""]","[""2.99 €/u""]",https://img2.petsonic.com/5863-medium_default/hobbit-alf-palitos-tiernos-ternera-para-perros.jpg
"[""hobbit Alf Hueso Piel con Fluor para Perro""]","[""13 cm"", ""25 cm""]","[""1.89 €/u"", ""5.13 €/u""]",https://img1.petsonic.com/14022-medium_default/hobbit-alf-hueso-piel-fluor-para-perros.jpg
"[""hobbit Alf Hueso Piel Sabor Barbacoa para Perro""]","[""13 cm""]","[""1.99 €/u""]",https://img1.petsonic.com/14023-medium_default/hobbit-alf-hueso-piel-sabor-barbacoa-para-perros.jpg
"[""hobbit Alf Hueso de Piel Sabor Chocolate para Perro""]","[""13 cm""]","[""1.99 €/u""]",https://img1.petsonic.com/14024-medium_default/hobbit-alf-hueso-piel-sabor-chocolate-para-perros.jpg
"[""hobbit Alf Nudillo de Ternera Calcio para Perro""]","[""2 Unidades""]","[""0.99 €/u""]",https://img2.petsonic.com/14025-medium_default/hobbit-alf-nudillo-ternera-calcio-para-perros.jpg
"[""hobbit Alf Nudillo de Ternera Ahumado para Perro""]","[""2 Unidades""]","[""0.79 €/u""]",https://img3.petsonic.com/14026-medium_default/hobbit-alf-nudillo-ternera-ahumado-para-perros.jpg
"[""hobbit Alf Cañailla de Jamón para Perro""]","[""2 Unidades""]","[""0.99 €/u""]",https://img3.petsonic.com/14027-medium_default/hobbit-alf-canailla-jamon-para-perros.jpg
"[""hobbit Alf Mini Hueso Piel Fluor para Perros""]","[""10 Unidades.""]","[""6.99 €/u""]",https://img2.petsonic.com/14030-medium_default/hobbit-alf-mini-hueso-piel-fluor-para-perros.jpg
"[""hobbit Alf Hueso Calcio con Pollo para Perro""]","[""100 Gr.""]","[""2.49 €/u""]",https://img1.petsonic.com/14031-medium_default/hobbit-alf-hueso-calcio-pollo-para-perros.jpg
"[""hobbit Alf Filetes de pollo y Pato para Perro""]","[""100 Gr.""]","[""2.99 €/u""]",https://img1.petsonic.com/14032-medium_default/hobbit-alf-filetes-pollo-pato-para-perros.jpg
"[""hobbit Alf Huesitos Puppy con Pollo para Perro""]","[""100 Gr.""]","[""2.49 €/u""]",https://img1.petsonic.com/14034-medium_default/hobbit-alf-huesitos-puppy-pollo-para-perros.jpg
"[""hobbit Alf Muslitos de Pollo y Calcio para Perro""]","[""100 Gr.""]","[""2.49 €/u""]",https://img2.petsonic.com/11056-medium_default/hobbit-alf-muslitos-pollo-calcio-para-perros.jpg
"[""hobbit Alf Snack Pescaditos con Pollo para Perro""]","[""100 Gr.""]","[""2.99 €/u""]",https://img1.petsonic.com/11137-medium_default/hobbit-alf-snack-pescaditos-pollo-para-perros.jpg
"[""Natural Horn Asta de Ciervo para Perro""]","[""S"", ""M"", ""L"", ""XL"", ""XXL""]","[""4.49 €/u"", ""6.49 €/u"", ""11.65 €/u"", ""16.95 €/u"", ""18.99 €/u""]",https://img1.petsonic.com/11249-medium_default/natural-horn-asta-ciervo-para-perros.jpg
"[""hobbit Alf Rosco Piel Fluor para Perro""]","[""1 Unidad.""]","[""1.99 €/u""]",https://img1.petsonic.com/14035-medium_default/hobbit-alf-rosco-piel-fluor-para-perros.jpg
"[""hobbit Alf Hueso Jamón para Perro""]","[""Talla Unica""]","[""1.39 €/u""]",https://img3.petsonic.com/14036-medium_default/hobbit-alf-hueso-jamon-para-perros.jpg
"[""Hueso de Ternera para Perro""]","[""30 cm"", ""45 cm""]","[""4.79 €/u"", ""4.99 €/u""]",https://img1.petsonic.com/12791-medium_default/hueso-ternera-para-perro.jpg
"[""hobbit Alf Hueso de Calcio Corto para Perro""]","[""1 Unidad.""]","[""1.49 €/u""]",https://img1.petsonic.com/14037-medium_default/hobbit-alf-hueso-calcio-corto-para-perros.jpg
"[""hobbit Alf Hueso Ternera con Calcio""]","[""1 Unidad.""]","[""2.99 €/u""]",https://img3.petsonic.com/14038-medium_default/hobbit-alf-hueso-ternera-calcio-para-perros.jpg
"[""hobbit Alf Hueso Ternera Ahumado para Perro""]","[""1 Unidad.""]","[""2.84 €/u""]",https://img2.petsonic.com/9578-medium_default/hobbit-alf-hueso-ternera-ahumado-para-perros.jpg
"[""wuapu Huesos Piel Prensada para Perro""]","[""2 x 8 cm"", ""21.5 cm"", ""27 cm"", ""32 cm""]","[""1.18 €/u"", ""3.69 €/u"", ""4.08 €/u"", ""5.69 €/u""]",https://img2.petsonic.com/12999-medium_default/huesos-piel-prensada-para-perro.jpg
"[""The Company Of Animals Huesos Marrowbone Nylon Rellenos para Perro""]","[""9 cm"", ""11.5 cm"", ""13.5 cm"", ""19 cm"", ""23 cm""]","[""3.64 €/u"", ""4.83 €/u"", ""7.20 €/u"", ""10.28 €/u"", ""13.21 €/u""]",https://img1.petsonic.com/14039-medium_default/the-company-of-animals-huesos-marrowbone-nylon-rellenos-para-perros.jpg
"[""TASTY BONE Hueso Nylon Sabores Gourmet para Perro""]","[""Pollo"", ""Faisan"", ""Salmón"", ""Langostino a la Barbacoa""]","[""5.99 €/u"", ""5.69 €/u"", ""5.69 €/u"", ""5.69 €/u""]",https://img1.petsonic.com/11959-medium_default/tasty-bone-hueso-nylon-sabores-gourmet-para-perros.jpg
"[""hobbit Alf Orejas de Cerda Extra para Perro""]","[""5 Unidades."", ""25 Unidades""]","[""8.47 €/u"", ""29.25 €/u""]",https://img2.petsonic.com/14041-medium_default/hobbit-alf-orejas-cerda-extra-para-perros.jpg
"[""hobbit Alf Oreja de Cerdo""]","[""1 Unidad.""]","[""1.42 €/u""]",https://img3.petsonic.com/14042-medium_default/hobbit-alf-oreja-cerdo-para-perros.jpg
"[""hobbit Alf Oreja de Vaca Deshidratada para Perro""]","[""1 Unidad.""]","[""0.99 €/u""]",https://img3.petsonic.com/14043-medium_default/hobbit-alf-oreja-vaca-deshidratada-para-perros.jpg
"[""Trixie Zapato Piel Masticable para Perro (10 unidades)""]","[""12 cm""]","[""6.90 €/u""]",https://img2.petsonic.com/14044-medium_default/trixie-zapato-piel-masticable-10-unidades-para-perros.jpg
"[""hobbit Alf Tendón de Cuero para Perro""]","[""100 Gr."", ""1 Kg.""]","[""2.99 €/u"", ""12.99 €/u""]",https://img3.petsonic.com/14029-medium_default/hobbit-alf-tendon-cuero-para-perros.jpg
"[""hobbit Alf Pezuña de Ternera Rellena para Perro""]","[""1 Unidad.""]","[""1.49 €/u""]",https://img3.petsonic.com/8214-medium_default/hobbit-alf-pezuna-ternera-rellena-para-perros.jpg
"[""hobbit Alf Nervio de Cerdo Trenzado para Perro""]","[""20 cm""]","[""1.99 €/u""]",https://img3.petsonic.com/14033-medium_default/nervio-cerdo-trenzado-para-perro.jpg
"[""hobbit Alf Nervio de Toro 15 cm para Perro""]","[""10 Unidades."", ""40 Unidades.""]","[""16.75 €/u"", ""64.99 €/u""]",https://img3.petsonic.com/14045-medium_default/hobbit-alf-nervio-toro-15-cm-para-perros.jpg
"[""hobbit Alf Puntas de Nervio de Toro""]","[""500 Gr.""]","[""9.99 €/u""]",https://img1.petsonic.com/15881-medium_default/hobbit-alf-puntas-nervio-toro-para-perros.jpg
"[""Nayeco 35 Und. Nervio Bovino Nayeco""]",default,default,https://img3.petsonic.com/15882-medium_default/nayeco-35-und-nervio-bovino-para-perros.jpg
"[""hobbit Alf Nervio de Toro 20cm para Perros""]","[""7 Unidades.""]","[""15.94 €/u""]",https://img1.petsonic.com/15883-medium_default/hobbit-alf-nervio-toro-20cm-para-perros.jpg
"[""hobbit Alf Nervio de Toro 60-70cm para Perro""]","[""1 Unidad."", ""Pack 10 unidades""]","[""5.99 €/u"", ""44.99 €/u""]",https://img3.petsonic.com/15884-medium_default/hobbit-alf-nervio-toro-60-70cm-para-perros.jpg
"[""Dimac Cigarrillos Colores de Piel para Perro""]","[""100 unidades""]","[""5.19 €/u""]",https://img1.petsonic.com/15885-medium_default/dimac-cigarrillos-colores-piel-para-perros.jpg
"[""Bravo Snack de Piel para Perro""]","[""4 Unidades""]","[""9.44 €/u""]",https://img1.petsonic.com/10104-medium_default/bravo-snack-piel-para-perros.jpg
"[""Bravo Snack Piel Surtido para Perro""]","[""7 Unidades.""]","[""10.34 €/u""]",https://img3.petsonic.com/10105-medium_default/bravo-snack-piel-surtido-para-perros.jpg
"[""Trixie Palitos de Piel para Perro 100 unidades""]","[""Ø 5 a 6 mm"", ""Ø 7 a 8 mm"", ""Ø 9 a 10 mm""]","[""7.99 €/u"", ""9.49 €/u"", ""15.49 €/u""]",https://img2.petsonic.com/14046-medium_default/trixie-palitos-piel-100-unidades-para-perros.jpg
"[""hobbit Alf Tira de Tendón para Perro""]","[""1 Unidad.""]","[""1.49 €/u""]",https://img1.petsonic.com/14051-medium_default/hobbit-alf-tira-tendon-para-perros.jpg
"[""hobbit Alf Tendón Extra 20cm para Perro""]","[""1 Unidad.""]","[""1.59 €/u""]",https://img3.petsonic.com/14052-medium_default/hobbit-alf-tendon-extra-20cm-para-perros.jpg
"[""Trixie Huesos Prensados de Arroz para Perro""]","[""2 Unidades""]","[""2.19 €/u""]",https://img3.petsonic.com/14053-medium_default/trixie-huesos-prensados-arroz-para-perros.jpg
"[""Trixie Rollito de Tripa Relleno de Yogur para Perro""]","[""100 Unidades""]","[""62.69 €/u""]",https://img1.petsonic.com/14054-medium_default/trixie-rollito-tripa-relleno-yogur-para-perros.jpg
"[""Trixie Snack-Premio Paté Hígado""]","[""110 Gr.""]","[""3.00 €/u""]",https://img2.petsonic.com/14056-medium_default/trixie-snack-premio-pate-higado-para-perros.jpg
"[""Trixie Snack Paté de Bacon para Perro""]","[""110 Gr.""]","[""3.49 €/u""]",https://img3.petsonic.com/14057-medium_default/snack-pate-bacon-para-perro.jpg
"[""Trixie Snack Paté de Salmón para Perro""]","[""110 Gr.""]","[""3.49 €/u""]",https://img2.petsonic.com/14058-medium_default/snack-pate-salmon-para-perro.jpg
"[""Trixie Snacks Vitaminados Sabor Yogur para Perro""]","[""75 Gr.""]","[""1.37 €/u""]",https://img1.petsonic.com/8411-medium_default/trixie-snacks-vitaminados-sabor-yogur-para-perros.jpg
"[""Trixie Tableta Chocolate para Perros""]","[""100 Gr.""]","[""1.34 €/u""]",https://img3.petsonic.com/14059-medium_default/trixie-tableta-chocolate-para-perros.jpg
"[""Trixie Tableta Chocolate Blanco para Perros""]","[""100 Gr.""]","[""1.49 €/u""]",https://img3.petsonic.com/14060-medium_default/trixie-tableta-chocolate-blanco-para-perros.jpg
"[""Trixie Snacks Tiras de Pollo Deshidratado para Perro""]","[""100 Gr.""]","[""3.00 €/u""]",https://img3.petsonic.com/8406-medium_default/trixie-snacks-tiras-pollo-deshidratado-para-perros.jpg
"[""Trixie Snack Pollo y Merluza para Perro""]","[""75 Gr.""]","[""2.19 €/u""]",https://img3.petsonic.com/12125-medium_default/snack-pollo-merluza-para-perro.jpg
"[""Trixie Snacks Crispy Duck para Perro""]","[""100 Gr.""]","[""3.99 €/u""]",https://img3.petsonic.com/12124-medium_default/snacks-cripspy-duck-para-perro.jpg
"[""Trixie Snacks Pollo y Plátano para Perro""]","[""100 Gr.""]","[""3.05 €/u""]",https://img3.petsonic.com/12403-medium_default/snakcs-pollo-platano-para-perro.jpg
"[""Trixie Snack Pollo y Queso para Perro""]","[""100 Gr.""]","[""2.99 €/u""]",https://img3.petsonic.com/12404-medium_default/snack-pollo-queso-para-perro.jpg
"[""Trixie Snacks Bites Pato para Perro""]","[""80 Gr""]","[""2.19 €/u""]",https://img1.petsonic.com/12447-medium_default/snacks-bites-pato-para-perro.jpg
"[""Trixie Snack Pato y Arroz para Perro""]","[""80 Gr""]","[""2.09 €/u""]",https://img2.petsonic.com/12406-medium_default/snack-pato-arroz-para-perro.jpg
"[""Trixie Snack Pato para Perro""]","[""80 Gr""]","[""2.99 €/u""]",https://img1.petsonic.com/12405-medium_default/snack-pato-para-perro.jpg
"[""Trixie Snacks Chickies Pollo para Perro""]","[""100 Gr.""]","[""2.99 €/u""]",https://img3.petsonic.com/15464-medium_default/snacks-chickies-pollo-para-perro.jpg
"[""Trixie Snack Happy Stripes Ternera para Perro""]","[""500 Gr.""]","[""5.00 €/u""]",https://img2.petsonic.com/13797-medium_default/snack-happy-stripes-ternera-para-perro.jpg
"[""Bravo Huesos Delibones para Perro""]","[""7 cm"", ""11 cm""]","[""3.24 €/u"", ""3.49 €/u""]",https://img3.petsonic.com/13300-medium_default/huesos-delibones-para-perro.jpg
"[""Fish4Dogs Super Star Snacks Adiestramiento para Perro.""]","[""75 Gr.""]","[""3.49 €/u""]",https://img3.petsonic.com/14063-medium_default/fish4dogs-super-star-snacks-adiestramiento-para-perros.jpg
"[""Fish4Dogs Sea Jerky Tiras de Piel de Pescado Deshidratado para Perro""]","[""100 Gr.""]","[""4.99 €/u""]",https://img2.petsonic.com/14065-medium_default/fish4dogs-sea-jerky-tiras-piel-pescado-deshidratado-para-perros.jpg
"[""Fish4Dogs Sea Wraps con Bacalao y Boniato para Perro""]","[""100 Gr.""]","[""3.99 €/u""]",https://img3.petsonic.com/14066-medium_default/fish4dogs-sea-wraps-bacalao-boniato-para-perros.jpg
"[""Fish4Dogs Sea Jerky Trenzas de Pescado Deshidratado para Perro""]","[""100 Gr.""]","[""4.31 €/u""]",https://img2.petsonic.com/14068-medium_default/fish4dogs-sea-jerky-trenzas-pescado-deshidratado-para-perros.jpg
"[""Fish4Dogs Sea Jerky Tacos de Pescado Deshidratado para Perro""]","[""100 Gr."", ""500 Gr.""]","[""3.14 €/u"", ""14.89 €/u""]",https://img2.petsonic.com/14075-medium_default/fish4dogs-sea-jerky-tacos-pescado-deshidratado-para-perros.jpg
"[""Fish4Dogs Sea Jerky Taquitos de Pescado Pequeños Deshidratados para Perro""]","[""100 Gr.""]","[""3.32 €/u""]",https://img2.petsonic.com/14072-medium_default/fish4dogs-sea-jerky-taquitos-pescado-pequenos-deshidratados-para-perros.jpg
"[""Fish4Dogs Sea Jerky Huesos de Piel de Pescado Deshidratada para Perro""]","[""100 Gr.""]","[""3.56 €/u""]",https://img2.petsonic.com/14077-medium_default/fish4dogs-sea-jerky-huesos-piel-pescado-deshidratada-para-perros.jpg
"[""Fish4Dogs Sea Biscuits Tiddlers para Perros""]","[""100 Gr.""]","[""3.84 €/u""]",https://img1.petsonic.com/14079-medium_default/fish4dogs-sea-biscuits-tiddlers-para-perros.jpg
"[""Fish4Dogs Snack Icelandic Fish Cubes para perros""]","[""100 Gr.""]","[""4.99 €/u""]",https://img3.petsonic.com/12970-medium_default/snack-icelandic-fish-cubes-para-perros.jpg
"[""Fish4Dogs Bocados de Calamar""]","[""75 Gr.""]","[""4.59 €/u""]",https://img2.petsonic.com/10090-medium_default/fish4dogs-bocados-calamar-para-perros.jpg
"[""Fish4Dogs Anillas de Calamar""]","[""75 Gr.""]","[""4.99 €/u""]",https://img2.petsonic.com/10089-medium_default/fish4dogs-anillas-calamar-para-perros.jpg
"[""Naturea Galletas con Frutas del Bosque para Perro""]","[""140 gr""]","[""2.99 €/u""]",https://img3.petsonic.com/18719-medium_default/naturea-galletas-frutas-bosque-para-perros.jpg
"[""Naturea Galletas de Manzana y Canela para Perro""]","[""140 gr""]","[""2.99 €/u""]",https://img2.petsonic.com/18720-medium_default/naturea-galletas-manzana-canela-para-perros.jpg
"[""Naturea Galletas con Tomate Aceite de Oliva y Queso Parmesano para Perro""]","[""140 gr""]","[""5.52 €/u""]",https://img1.petsonic.com/18721-medium_default/naturea-galletas-tomate-aceite-oliva-queso-parmesano-para-perros.jpg
"[""Naturea Galletas con Pato y Moras para Perro""]","[""140 gr""]","[""2.99 €/u""]",https://img1.petsonic.com/18722-medium_default/naturea-galletas-pato-moras-para-perros.jpg
"[""Naturea Galletas con Yogurt y Miel para Perro""]","[""140 gr""]","[""2.99 €/u""]",https://img1.petsonic.com/18723-medium_default/naturea-galletas-yogurt-miel-para-perros.jpg
"[""Naturea Galletas con Pescado Aceite de oliva y Hierbas Aromáticas para Perro""]","[""230 Gr.""]","[""5.28 €/u""]",https://img3.petsonic.com/18724-medium_default/naturea-galletas-pescado-aceite-oliva-hierbas-aromaticas-para-perros.jpg
"[""hobbit Alf Galletas Puppy para Perro""]","[""100 Gr."", ""200 Gr."", ""430 gr""]","[""0.89 €/u"", ""1.79 €/u"", ""2.84 €/u""]",https://img1.petsonic.com/14110-medium_default/hobbit-alf-galletas-puppy-para-perros.jpg
"[""hobbit Alf Galletas Granja para Perro""]","[""200 Gr."", ""430 gr"", ""4 Kg.""]","[""1.79 €/u"", ""2.81 €/u"", ""17.99 €/u""]",https://img3.petsonic.com/14111-medium_default/hobbit-alf-galletas-granja-para-perros.jpg
"[""hobbit Alf Galleta Croqueta Queso y Pollo para Perro""]","[""430 gr""]","[""2.99 €/u""]",https://img3.petsonic.com/14114-medium_default/hobbit-alf-galleta-croqueta-queso-pollo-para-perros.jpg
"[""hobbit Alf Galletas Alfito de Carne para Perro""]","[""430 gr""]","[""2.99 €/u""]",https://img3.petsonic.com/14112-medium_default/hobbit-alf-galletas-alfito-carne-para-perros.jpg
"[""hobbit Alf Galleta Happy Happer Mix para Perros""]","[""5 Kg""]","[""20.99 €/u""]",https://img2.petsonic.com/14113-medium_default/hobbit-alf-galleta-happy-happer-mix-para-perros.jpg
"[""hobbit Alf Galletas Jumbo Mini Mix para Perro""]","[""430 gr""]","[""2.69 €/u""]",https://img2.petsonic.com/14115-medium_default/hobbit-alf-galletas-jumbo-mini-mix-para-perros.jpg
"[""Kong Pasta Easy Treat para Cachorros""]","[""0.236 L""]","[""5.82 €/u""]",https://img1.petsonic.com/13277-medium_default/kong-pasta-easy-treat-para-cachorros-para-perros.jpg
"[""Kong Pasta Easy Treat para Perro""]","[""0.236 L""]","[""5.82 €/u""]",https://img3.petsonic.com/13278-medium_default/kong-pasta-easy-treat-para-perros.jpg
"[""Kong Galletas para Cachorro""]","[""300 Gr.""]","[""5.53 €/u""]",https://img3.petsonic.com/15889-medium_default/kong-galletas-para-cachorro-para-perros.jpg
"[""Kong Galletas Sabor Hígado para Perros Pequeños""]","[""200 Gr.""]","[""4.28 €/u""]",https://img1.petsonic.com/14118-medium_default/kong-galletas-sabor-higado-pequenos-para-perros.jpg
"[""Kong Galletas para Perro""]","[""300 Gr.""]","[""5.53 €/u""]",https://img3.petsonic.com/14119-medium_default/kong-galletas-para-perros.jpg
"[""Purina Pro Plan Delibakie Biscotti""]","[""90 Gr"", ""270 Gr""]","[""0.99 €/u"", ""2.49 €/u""]",https://img1.petsonic.com/14122-medium_default/purina-pro-plan-delibakie-biscotti-para-perros.jpg
"[""Purina Pro Plan Delibakie Hearts""]","[""100 Gr."", ""350 Gr.""]","[""1.09 €/u"", ""1.73 €/u""]",https://img3.petsonic.com/14124-medium_default/purina-pro-plan-delibakie-hearts-para-perros.jpg
"[""Purina Pro Plan Delibakie Rolls""]","[""100 Gr.""]","[""0.99 €/u""]",https://img3.petsonic.com/14125-medium_default/purina-pro-plan-delibakie-rolls-para-perros.jpg
"[""Purina Pro Plan Adventuros Mini Sticks de Búfalo""]","[""90 Gr"", ""Pack 6 sobres de 90gr""]","[""1.29 €/u"", ""6.30 €/u""]",https://img3.petsonic.com/14127-medium_default/purina-pro-plan-adventuros-mini-sticks-bufalo-para-perros.jpg
"[""Purina Pro Plan Adventuros Strips Venado""]","[""90 Gr"", ""Pack 6 sobres de 90gr""]","[""1.29 €/u"", ""6.30 €/u""]",https://img2.petsonic.com/14128-medium_default/purina-pro-plan-adventuros-strips-venado-para-perros.jpg
"[""Purina Pro Plan Adventuros Nuggets Jabalí""]","[""90 Gr"", ""Pack 6 sobres de 90gr""]","[""1.29 €/u"", ""6.99 €/u""]",https://img1.petsonic.com/14129-medium_default/purina-pro-plan-adventuros-nuggets-jabali-para-perros.jpg
"[""Purina Pro Plan Adventuros Sticks de Búfalo""]","[""120 gr"", ""Packs 6 sobres de 120 gr""]","[""1.29 €/u"", ""6.30 €/u""]",https://img2.petsonic.com/14130-medium_default/purina-pro-plan-adventuros-sticks-bufalo-para-perros.jpg
"[""Hill's Ideal Balance IB Snack Pollo y Manzana""]","[""1 Sobre 227 gr"", ""1 x 6 sobres 227 gr""]","[""4.65 €/u"", ""18.99 €/u""]",https://img1.petsonic.com/17227-medium_default/hill-s-ideal-balance-ib-snack-pollo-manzana-para-perros.jpg
"[""Purina Pro Plan Biscuits Dental Bar 150gr.""]","[""1 Unidad."", ""6 Unidades.""]","[""2.80 €/u"", ""16.50 €/u""]",https://img1.petsonic.com/13407-medium_default/purina-pro-plan-biscuits-dental-bar-150gr-para-perros.jpg
"[""Purina Pro Plan Biscuits Light 400gr.""]","[""1 Unidad."", ""4 Unidades""]","[""2.99 €/u"", ""11.99 €/u""]",https://img1.petsonic.com/13408-medium_default/purina-pro-plan-biscuits-light-400gr-para-perros.jpg
"[""Acana Treat Free Run Duck 35 gr""]","[""1 Unidad.""]","[""4.49 €/u""]",https://img2.petsonic.com/13837-medium_default/treat-free-run-duck-35-gr.jpg
"[""Acana Treat Grass-Fed Lamb 35 gr""]","[""1 Unidad.""]","[""4.59 €/u""]",https://img2.petsonic.com/13838-medium_default/treat-grass-fed-lamb-35-gr.jpg
"[""Acana Treats Pacific Pilchard 35 gr""]","[""1 Unidad.""]","[""4.99 €/u""]",https://img2.petsonic.com/13839-medium_default/treats-pacific-pilchard-35-gr.jpg
"[""Acana Treat Yorkshire Pork 35 gr""]","[""1 Unidad.""]","[""4.74 €/u""]",https://img3.petsonic.com/13840-medium_default/treat-yorkshire-pork-35-gr.jpg
"[""Orijen Treat Free Run Duck 42.5 Gr""]","[""1 Unidad."", ""6 Unidades.""]","[""6.29 €/u"", ""34.99 €/u""]",https://img1.petsonic.com/19383-medium_default/orijen-treat-free-run-duck-42-5-gr-para-perros.jpg
"[""Orijen Regional Treats 42.5 gr""]","[""1 Unidad."", ""6 Unidades.""]","[""5.49 €/u"", ""32.99 €/u""]",https://img1.petsonic.com/13414-medium_default/regional-treats-42-5-gr.jpg
"[""Orijen Treats Ranch Romney Lamb 56gr.""]","[""1 Unidad."", ""6 Unidades.""]","[""5.29 €/u"", ""30.99 €/u""]",https://img3.petsonic.com/19382-medium_default/orijen-treats-ranch-raised-lamb-56gr-para-perros.jpg
"[""Affinity Advance Puppy Snack""]","[""150 Gr."", ""1 x 7 packs de 150 gr""]","[""2.69 €/u"", ""11.99 €/u""]",https://img2.petsonic.com/18854-medium_default/affinity-advance-puppy-snack-para-perros.jpg
"[""Affinity Advance Dental Care Stick Mini""]","[""7 Unidades."", ""28 Unidades""]","[""1.68 €/u"", ""5.37 €/u""]",https://img3.petsonic.com/18856-medium_default/affinity-advance-dental-care-stick-mini-para-perros.jpg
"[""Affinity Advance Dental Care Stick Medium""]","[""7 Unidades."", ""28 Unidades""]","[""2.02 €/u"", ""6.72 €/u""]",https://img3.petsonic.com/18857-medium_default/affinity-advance-dental-care-stick-medium-para-perros.jpg
"[""Affinity Advance Hypoallergenic Snack""]","[""150 Gr."", ""1 x 7 packs de 150 gr""]","[""2.69 €/u"", ""10.99 €/u""]",https://img2.petsonic.com/18860-medium_default/affinity-advance-hypoallergenic-snack-para-perros.jpg
"[""Affinity Advance Appetite Control Snack""]","[""150 Gr."", ""1 x 7 packs de 150 gr""]","[""2.69 €/u"", ""11.50 €/u""]",https://img2.petsonic.com/18862-medium_default/affinity-advance-appetite-control-snack-para-perros.jpg
"[""Affinity Advance Articular Snack""]","[""150 Gr."", ""1 x 14 packs de 155 gr""]","[""2.69 €/u"", ""20.99 €/u""]",https://img3.petsonic.com/18859-medium_default/affinity-advance-articular-snack-para-perros.jpg
"[""Affinity Advance Sensitive Snack""]","[""150 Gr."", ""1 x 7 packs de 150 gr""]","[""2.69 €/u"", ""14.99 €/u""]",https://img1.petsonic.com/18863-medium_default/sensitive-snack.jpg
"[""Affinity Advance +7 Años Snack""]","[""150 Gr."", ""1 x 7 packs de 150 gr""]","[""2.69 €/u"", ""15.99 €/u""]",https://img1.petsonic.com/18861-medium_default/siete-anos-snack.jpg
"[""Bayer Limpiador Dental Masticable para Perros""]","[""140 gr""]","[""6.95 €/u""]",https://img3.petsonic.com/15895-medium_default/bayer-limpiador-dental-masticable-para-perros.jpg
"[""Divasa Plaque off Croq para Perro""]","[""60 Gr."", ""150 Gr.""]","[""7.99 €/u"", ""8.39 €/u""]",https://img3.petsonic.com/11673-medium_default/divsa-plaque-off-croq-para-perro.jpg
"[""Purina Pro Plan Snack Dentalife para Perro X-Small""]","[""7 Unidades."", ""21 unidades""]","[""1.99 €/u"", ""4.99 €/u""]",https://img2.petsonic.com/15573-medium_default/snack-dentalife-para-perro-x-small.jpg
"[""Purina Pro Plan Snack Dentalife para Perros Mini""]","[""7 Unidades."", ""21 unidades""]","[""1.69 €/u"", ""3.99 €/u""]",https://img2.petsonic.com/11279-medium_default/purina-pro-plan-snack-dentalife-mini-para-perros.jpg
"[""Purina Pro Plan Snack Dentalife para Perros Medianos""]","[""5 Unidades."", ""15 Unidades.""]","[""1.69 €/u"", ""3.99 €/u""]",https://img1.petsonic.com/11281-medium_default/purina-pro-plan-snack-dentalife-medianos-para-perros.jpg
"[""Purina Pro Plan Snack Dentalife para Perros Grandes""]","[""4 Unidades"", ""12 Unidades.""]","[""1.89 €/u"", ""4.23 €/u""]",https://img3.petsonic.com/11280-medium_default/purina-pro-plan-snack-dentalife-grandes-para-perros.jpg
"[""Pedigree Dentastix 5-10 Kg Sticks Dentales""]","[""7 barritas"", ""Caja 28 barritas(7x4)""]","[""1.59 €/u"", ""5.99 €/u""]",https://img3.petsonic.com/10731-medium_default/pedigree-dentastix-5-10-kg-sticks-dentales-para-perros.jpg
"[""Pedigree Dentastix 10-25Kg Sticks Dentales""]","[""7 barritas"", ""Caja 28 barritas(7x4)""]","[""2.49 €/u"", ""9.89 €/u""]",https://img3.petsonic.com/10732-medium_default/pedigree-dentastix-10-25kg-sticks-dentales-para-perros.jpg
"[""Pedigree Sticks Pedigree Dentastix +25 Kg""]","[""7 Unidades."", ""Caja 28 barritas(7x4)""]","[""3.49 €/u"", ""9.89 €/u""]",https://img2.petsonic.com/15896-medium_default/pedigree-dentastix-25-kg-para-perros.jpg
"[""greenies Petite""]","[""10 Unidades (170 GR)"", ""20 Unidades (340 GR)"", ""2x 20 Unidades (680 GR)""]","[""6.24 €/u"", ""11.63 €/u"", ""22.56 €/u""]",https://img2.petsonic.com/18841-medium_default/greenies-petite-para-perros.jpg
"[""greenies Teenie""]","[""22 Unidades (170 GR)"", ""43 Unidades (340 GR)"", ""2x 43 Unidades (680 GR)""]","[""7.95 €/u"", ""11.63 €/u"", ""22.56 €/u""]",https://img3.petsonic.com/18836-medium_default/greenies-teenie-para-perros.jpg
"[""greenies Large""]","[""4 Unidades (170 GR)"", ""2x 4 Unidades (340 GR)"", ""5x 4 Unidades (850 GR)""]","[""7.99 €/u"", ""15.50 €/u"", ""37.95 €/u""]",https://img2.petsonic.com/14141-medium_default/greenies-large-para-perros.jpg
"[""greenies Regular""]","[""6 Unidades (170 GR)"", ""12 Unidades (340 GR)"", ""2x 12 Unidades (680 GR)""]","[""6.30 €/u"", ""11.63 €/u"", ""22.56 €/u""]",https://img1.petsonic.com/18838-medium_default/greenies-regular-para-perros.jpg
"[""King Bone Hueso Piel con Carne de Pollo para perro""]","[""6 cm"", ""11 cm""]","[""2.49 €/u"", ""2.35 €/u""]",https://img3.petsonic.com/11053-medium_default/nayeco-hueso-piel-carne-pollo-para-perros.jpg
"[""King Bone Hueso Piel Carne de Salmón para Perro""]","[""6 cm"", ""11 cm""]","[""2.62 €/u"", ""2.99 €/u""]",https://img3.petsonic.com/15897-medium_default/nayeco-hueso-piel-carne-salmon-para-perros.jpg
"[""hobbit Alf Stick Con Carne de pollo para Perro""]","[""100 Gr.""]","[""2.99 €/u""]",https://img1.petsonic.com/11059-medium_default/hobbit-alf-stick-carne-pollo-para-perros.jpg
"[""hobbit Alf Stick Talla XXL con Carne de Pollo para Perro""]","[""130 gr""]","[""3.00 €/u""]",https://img2.petsonic.com/11060-medium_default/hobbit-alf-stick-talla-xxl-carne-pollo-para-perros.jpg
"[""Bravo Caja con Rollos de Piel Deshidratada para Perro""]","[""3 Unidades.""]","[""9.99 €/u""]",https://img1.petsonic.com/10672-medium_default/bravo-caja-rollos-piel-deshidratada-para-perro.jpg
"[""Vetnova Glyco-flex l Snacks para Perro""]","[""120 Comprimidos""]","[""62.95 €/u""]",https://img1.petsonic.com/11857-medium_default/glyco-flex-l-snacks-para-perro.jpg
"[""Vetnova Glyco-flex ll Snacks para Perro""]","[""60 Comprimidos"", ""120 Comprimidos""]","[""39.49 €/u"", ""70.80 €/u""]",https://img3.petsonic.com/11858-medium_default/vetnova-glyco-flex-ll-snacks-para-perro.jpg
"[""Vetnova Glyco-flex ll Snacks para Gatos y Perros Pequeños""]","[""60 Comprimidos""]","[""33.95 €/u""]",https://img1.petsonic.com/11859-medium_default/vetnova-glyco-flex-l-snacks-para-gatos-y-perros-pequenos.jpg
"[""Vetnova Glyco-flex III Snacks para Perro""]","[""30 Comprimidos"", ""60 Comprimidos"", ""120 Comprimidos""]","[""31.96 €/u"", ""54.95 €/u"", ""92.95 €/u""]",https://img3.petsonic.com/11863-medium_default/vetnova-glyco-flex-lll-snacks-para-perro.jpg
"[""Vetnova Glyco-flex lll Snacks para Perro Mini""]","[""60 Comprimidos""]","[""37.50 €/u""]",https://img3.petsonic.com/11862-medium_default/vetnova-glyco-flex-lll-snacks-para-perro-mini.jpg
"[""Vetnova Multiva Active para Perro""]","[""45 Comprimidos""]","[""18.84 €/u""]",https://img2.petsonic.com/11868-medium_default/vetnova-multiva-active-para-perro.jpg
"[""Vetnova Multiva Calming para Gatos y Perros Pequeños""]","[""21 Comprimidos""]","[""11.15 €/u""]",https://img1.petsonic.com/11869-medium_default/vetnoca-multiva-calming-para-gato-y-perros-pequenos.jpg
"[""Vetnova Multiva Calming para Perros Medianos y Grandes""]","[""21 Comprimidos""]","[""18.84 €/u""]",https://img2.petsonic.com/11870-medium_default/vetnova-multiva-calming-para-perros-medianos-y-grandes.jpg
"[""Vetnova Multiva Motion para Perro""]","[""60 Comprimidos""]","[""18.84 €/u""]",https://img1.petsonic.com/11872-medium_default/vetnova-multiva-motion-para-perro.jpg
"[""Vetnova Cutania Snacks para Perro""]","[""60 Unidades.""]","[""34.65 €/u""]",https://img2.petsonic.com/13252-medium_default/vetnova-cutania-snacks-para-perros-gatos.jpg
"[""Vetnova Cutania Snacks para Perro Mini y Gato""]","[""60 Comprimidos""]","[""20.99 €/u""]",https://img1.petsonic.com/13253-medium_default/cutania-snacks-para-perro-mini-gato.jpg
"[""Specific Snack Healthy Treats Mini para Perro""]","[""1 unidad de 300gr""]","[""2.71 €/u""]",https://img3.petsonic.com/14914-medium_default/snack-healthy-treats-mini-para-perro.jpg
"[""Specific Snack Healthy Treats para Perro""]","[""1 unidad de 300gr""]","[""2.85 €/u""]",https://img3.petsonic.com/14915-medium_default/snack-healthy-treats-para-perro.jpg
"[""Specific Snack Healthy Treats Hypoallergenic para Perro""]","[""1 unidad de 300gr""]","[""3.38 €/u""]",https://img3.petsonic.com/14916-medium_default/snack-healthy-treats-hypoallergenic-para-perro.jpg
"[""Churpi Snack Churpi Original Pequeño para Perro""]","[""4 Unidades""]","[""13.86 €/u""]",https://img1.petsonic.com/16946-medium_default/snack-churpi-original-pequeno-para-perro.jpg
"[""Churpi Snack Churpi Original Mediano para Perro""]","[""2 Unidades""]","[""16.95 €/u""]",https://img1.petsonic.com/16947-medium_default/snack-churpi-original-mediano-para-perro.jpg
"[""Churpi Snack Churpi Original Grande para Perro""]","[""1 Unidad.""]","[""13.87 €/u""]",https://img1.petsonic.com/16948-medium_default/snack-churpi-original-grande-para-perro.jpg
"[""Churpi Snack Churpi Original Pocket para Perro""]","[""50 Gr.""]","[""5.33 €/u""]",https://img1.petsonic.com/16949-medium_default/snack-churpi-original-pocket-para-perro.jpg
"[""Churpi Snack Churpi Puffies para Perro""]","[""70 Gr""]","[""10.14 €/u""]",https://img1.petsonic.com/16950-medium_default/snack-churpi-puffies-para-perro.jpg
"[""Churpi Snack Churpi Puffies Bars para Perro""]","[""70 Gr""]","[""10.14 €/u""]",https://img2.petsonic.com/16951-medium_default/snack-churpi-puffies-bars-para-perro.jpg
"[""Churpi Snack Churpi Crunchies para Perro""]","[""70 Gr""]","[""10.15 €/u""]",https://img3.petsonic.com/16952-medium_default/snack-churpi-crunchies-para-perro.jpg
"[""Trixie Serpiente para Snacks de Caucho Termoplástico""]","[""42 cm""]","[""6.76 €/u""]",https://img3.petsonic.com/17069-medium_default/trixie-serpiente-para-snacks-caucho-termoplastico.jpg
"[""virbac VeggieDent Fresh para Perro""]","[""XS"", ""S"", ""M"", ""L""]","[""5.99 €/u"", ""5.99 €/u"", ""7.99 €/u"", ""7.99 €/u""]",https://img2.petsonic.com/17253-medium_default/virbac-veggiedent-fresh-para-perro.jpg
"[""Biozoo Nervio de Buey de 12cm para Perro""]","[""50 Unidades.""]","[""1.09 €/u""]",https://img3.petsonic.com/17105-medium_default/biozoo-nervio-buey-12cm-para-perro.jpg
"[""Arquivet Huesitos de Pollo para Perro""]","[""100 Gr."", ""300 Gr.""]","[""1.59 €/u"", ""3.99 €/u""]",https://img3.petsonic.com/17580-medium_default/arquivet-huesitos-pollo-para-perro.jpg
"[""Arquivet Filete de Pollo para Perro""]","[""100 Gr.""]","[""1.99 €/u""]",https://img3.petsonic.com/17582-medium_default/arquivet-filete-pollo.jpg
"[""Arquivet Huesitos de Pato para Perro""]","[""100 Gr."", ""300 Gr.""]","[""1.59 €/u"", ""2.99 €/u""]",https://img2.petsonic.com/17594-medium_default/arquivet-huesitos-pato-para-perro.jpg
"[""Arquivet Filete de Pato para Perro""]","[""100 Gr.""]","[""1.99 €/u""]",https://img3.petsonic.com/17596-medium_default/filete-pato.jpg
"[""Arquivet Sticks de Cordero para Perro""]","[""8 unidades""]","[""1.29 €/u""]",https://img1.petsonic.com/17600-medium_default/arquivet-sticks-cordero-para-perro.jpg
"[""Arquivet Tiras de Pollo y Pescado para perro""]","[""100 Gr.""]","[""2.09 €/u""]",https://img3.petsonic.com/17606-medium_default/tiras-pollo-pescado-para-perro.jpg
"[""Arquivet Sticks de Pescado para perro""]","[""8 unidades""]","[""1.29 €/u""]",https://img1.petsonic.com/17608-medium_default/arquivet-sticks-pescado-para-perro.jpg
"[""Arquivet Twist con Pollo enrollado / 13 cm para Perro""]","[""100 Gr.""]","[""2.99 €/u""]",https://img1.petsonic.com/17610-medium_default/twist-pollo-enrollado-13-cm-para-perro.jpg
"[""Arquivet Barritas de Salmón con piel para Perro""]","[""100 Gr.""]","[""2.99 €/u""]",https://img3.petsonic.com/17617-medium_default/barritas-salmon-piel-para-perro.jpg
"[""Arquivet Pescadito seco para Perro""]","[""100 Gr.""]","[""2.49 €/u""]",https://img2.petsonic.com/17590-medium_default/pescadito-seco-para-perro.jpg
"[""Arquivet Soft Snacks Mini Huesitos Mix para perro""]","[""100 Gr."", ""300 Gr."", ""800 Gr.""]","[""1.29 €/u"", ""2.99 €/u"", ""5.99 €/u""]",https://img2.petsonic.com/17640-medium_default/soft-snacks-mini-huesitos-mix-para-perro.jpg
"[""Arquivet Soft Snacks Huesitos de Salmón para Perro""]","[""100 Gr."", ""300 Gr."", ""800 Gr.""]","[""1.29 €/u"", ""2.99 €/u"", ""5.99 €/u""]",https://img2.petsonic.com/17642-medium_default/soft-snacks-huesitos-salmon-para-perro.jpg
"[""Biozoo Hueso Salmón 12 cm""]","[""12 cm""]","[""0.83 €/u""]",https://img1.petsonic.com/17808-medium_default/biozoo-hueso-salmon-12-cm-para-perros.jpg
"[""Nayeco Galletas Mini Duo para Perro""]","[""1 Kg.""]","[""5.50 €/u""]",https://img2.petsonic.com/17919-medium_default/nayeco-galletas-mini-duo.jpg
"[""hobbit Alf Orejas de Liebre para Perro""]","[""3 Unidades.""]","[""1.35 €/u""]",https://img1.petsonic.com/18063-medium_default/hobbit-alf-orejas-liebre-para-perro.jpg
"[""Natural Horn Asta de Ciervo Natural Puppy & Senior""]","[""S"", ""M""]","[""5.49 €/u"", ""6.86 €/u""]",https://img3.petsonic.com/18064-medium_default/natural-horn-asta-ciervo-natural-puppy-senior.jpg
"[""Fish4Dogs Sweet Ocean Wraps Apple para Perro""]","[""100 Gr.""]","[""4.95 €/u""]",https://img3.petsonic.com/19260-medium_default/wraps-apple-para-perro.jpg
"[""Fish4Dogs Original Sea Kerky para Perro""]","[""500 Gr.""]","[""16.95 €/u""]",https://img2.petsonic.com/19262-medium_default/original-sea-kerky-para-perro.jpg
